,psn,timestamp,hdbscan_label
0,41,2017-08-12 12:30:00,1
1,41,2017-08-13 08:30:00,1
2,41,2017-08-23 10:10:00,1
3,41,2017-08-31 09:30:00,1
4,41,2017-09-06 21:40:00,1
5,41,2017-09-09 14:00:00,1
6,41,2017-10-06 08:00:00,1
7,41,2017-10-20 12:50:00,1
8,41,2017-10-24 09:50:00,1
9,41,2017-11-14 03:30:00,1
10,41,2017-11-21 05:00:00,1
11,41,2017-11-24 04:50:00,1
12,41,2017-11-27 14:30:00,1
13,41,2017-11-27 14:40:00,1
14,41,2017-11-27 14:50:00,1
15,41,2017-11-27 15:00:00,1
16,41,2017-11-27 15:10:00,1
17,41,2017-11-27 15:20:00,1
18,41,2017-11-27 15:30:00,1
19,41,2017-11-27 15:40:00,1
20,41,2017-11-27 15:50:00,1
21,41,2017-11-27 16:00:00,1
22,41,2017-11-27 16:20:00,1
23,41,2017-11-27 16:40:00,1
24,41,2017-11-27 17:10:00,1
